{
  "user_number": {
    "precision": 0.9090909090909091,
    "recall": 0.9090909090909091,
    "f1-score": 0.9090909090909091,
    "support": 11,
    "confused_with": {
      "user_number_cisco": 1
    }
  },
  "user_number_for_router": {
    "precision": 0.875,
    "recall": 0.875,
    "f1-score": 0.875,
    "support": 8,
    "confused_with": {
      "user_number_cisco": 1
    }
  },
  "user_number_cisco": {
    "precision": 0.8181818181818182,
    "recall": 0.8181818181818182,
    "f1-score": 0.8181818181818182,
    "support": 11,
    "confused_with": {
      "user_number": 1,
      "lan_user": 1
    }
  },
  "user_number_n": {
    "precision": 1.0,
    "recall": 1.0,
    "f1-score": 1.0,
    "support": 8,
    "confused_with": {}
  },
  "lan_user": {
    "precision": 0.9090909090909091,
    "recall": 1.0,
    "f1-score": 0.9523809523809523,
    "support": 10,
    "confused_with": {}
  },
  "router_number": {
    "precision": 1.0,
    "recall": 0.8333333333333334,
    "f1-score": 0.9090909090909091,
    "support": 6,
    "confused_with": {
      "user_number_for_router": 1
    }
  },
  "xml_path": {
    "precision": 1.0,
    "recall": 1.0,
    "f1-score": 1.0,
    "support": 12,
    "confused_with": {}
  },
  "network_device": {
    "precision": 1.0,
    "recall": 0.4117647058823529,
    "f1-score": 0.5833333333333334,
    "support": 17,
    "confused_with": {}
  },
  "micro avg": {
    "precision": 0.9315068493150684,
    "recall": 0.8192771084337349,
    "f1-score": 0.8717948717948718,
    "support": 83
  },
  "macro avg": {
    "precision": 0.9389204545454546,
    "recall": 0.8559213458110517,
    "f1-score": 0.8808847402597403,
    "support": 83
  },
  "weighted avg": {
    "precision": 0.9408543263964951,
    "recall": 0.8192771084337349,
    "f1-score": 0.8541568872894174,
    "support": 83
  },
  "accuracy": 0.9940095846645367
}