{
  "router_number": {
    "precision": 0.8571428571428571,
    "recall": 1.0,
    "f1-score": 0.923076923076923,
    "support": 6,
    "confused_with": {}
  },
  "user_number_n": {
    "precision": 1.0,
    "recall": 1.0,
    "f1-score": 1.0,
    "support": 7,
    "confused_with": {}
  },
  "lan_user": {
    "precision": 1.0,
    "recall": 1.0,
    "f1-score": 1.0,
    "support": 9,
    "confused_with": {}
  },
  "user_number_cisco": {
    "precision": 1.0,
    "recall": 1.0,
    "f1-score": 1.0,
    "support": 5,
    "confused_with": {}
  },
  "network_device": {
    "precision": 1.0,
    "recall": 1.0,
    "f1-score": 1.0,
    "support": 17,
    "confused_with": {}
  },
  "user_number_for_router": {
    "precision": 1.0,
    "recall": 0.875,
    "f1-score": 0.9333333333333333,
    "support": 8,
    "confused_with": {
      "router_number": 1
    }
  },
  "user_number": {
    "precision": 1.0,
    "recall": 1.0,
    "f1-score": 1.0,
    "support": 5,
    "confused_with": {}
  },
  "micro avg": {
    "precision": 0.9824561403508771,
    "recall": 0.9824561403508771,
    "f1-score": 0.9824561403508771,
    "support": 57
  },
  "macro avg": {
    "precision": 0.979591836734694,
    "recall": 0.9821428571428571,
    "f1-score": 0.9794871794871796,
    "support": 57
  },
  "weighted avg": {
    "precision": 0.9849624060150375,
    "recall": 0.9824561403508771,
    "f1-score": 0.9825461088618984,
    "support": 57
  },
  "accuracy": 0.9995042141794744
}